Name,Company,Email,Phone
Ryan Burton,Burtec,ryan.b@mail.com,021-654564
Mandy Collins,Burtec,mandy.c@mail.com,0116545464
Peter Gibbons,Burtec,peter.g@mail.com,0536546545
Ryan Burton,Burtec,ryan.b@mail.com,021-654564
Mandy Collins,Burtec,mandy.c@mail.com,0116545464
Peter Gibbons,Burtec,peter.g@mail.com,0536546545
Ryan Burton,Burtec,ryan.b@mail.com,021-654564
Mandy Collins,Burtec,mandy.c@mail.com,116545464
Peter Gibbons,Burtec,peter.g@mail.com,536546545
Ryan Burton,Burtec,ryan.b@mail.com,021-654564
Mandy Collins,Burtec,mandy.c@mail.com,116545464
Peter Gibbons,Burtec,,536546545
Ryan Burton,Burtec,,021-654564
Mandy Collins,Burtec,,116545464
Peter Gibbons,Burtec,,536546545
Ryan Burton,Burtec,,021-654564
Mandy Collins,Burtec,,116545464
Peter Gibbons,Burtec,,536546545
Ryan Burton,Burtec,,021-654564
Mandy Collins,Burtec,,116545464
Peter Gibbons,Burtec,,536546545
Ryan Burton,Burtec,,021-654564
Mandy Collins,Burtec,,116545464
Peter Gibbons,Burtec,,536546545
Ryan Burton,Burtec,,021-654564
Mandy Collins,Burtec,,116545464
Peter Gibbons,Burtec,,536546545
Ryan Burton,Burtec,,021-654564
Mandy Collins,Burtec,,116545464
Peter Gibbons,Burtec,peter.g@mail.com,536546545
Ryan Burton,Burtec,ryan.b@mail.com,021-654564
Mandy Collins,Burtec,mandy.c@mail.com,116545464
Peter Gibbons,Burtec,peter.g@mail.com,536546545
Ryan Burton,Burtec,ryan.b@mail.com,021-654564
Mandy Collins,Burtec,mandy.c@mail.com,
Peter Gibbons,Burtec,peter.g@mail.com,
Ryan Burton,Burtec,ryan.b@mail.com,
Mandy Collins,Burtec,mandy.c@mail.com,
Peter Gibbons,Burtec,peter.g@mail.com,
Ryan Burton,Burtec,ryan.b@mail.com,
Mandy Collins,Burtec,mandy.c@mail.com,
Peter Gibbons,Burtec,peter.g@mail.com,
Ryan Burton,Burtec,ryan.b@mail.com,
Mandy Collins,Burtec,mandy.c@mail.com,
Peter Gibbons,Burtec,peter.g@mail.com,
Ryan Burton,Burtec,ryan.b@mail.com,
Mandy Collins,Burtec,mandy.c@mail.com,
Peter Gibbons,Burtec,peter.g@mail.com,
Ryan Burton,Burtec,ryan.b@mail.com,
Mandy Collins,Burtec,mandy.c@mail.com,
Peter Gibbons,Burtec,peter.g@mail.com,
Ryan Burton,Burtec,ryan.b@mail.com,
Mandy Collins,Burtec,mandy.c@mail.com,
Peter Gibbons,Burtec,peter.g@mail.com,
Ryan Burton,Burtec,ryan.b@mail.com,
Mandy Collins,Burtec,mandy.c@mail.com,
Peter Gibbons,Burtec,peter.g@mail.com,
Ryan Burton,Burtec,ryan.b@mail.com,
Mandy Collins,Burtec,mandy.c@mail.com,
Peter Gibbons,Burtec,peter.g@mail.com,536546545
Ryan Burton,Burtec,ryan.b@mail.com,021-654564
Mandy Collins,Burtec,mandy.c@mail.com,116545464
Peter Gibbons,Burtec,peter.g@mail.com,536546545
Ryan Burton,Burtec,ryan.b@mail.com,021-654564
Mandy Collins,Burtec,mandy.c@mail.com,116545464
Peter Gibbons,Burtec,peter.g@mail.com,536546545
Ryan Burton,Burtec,ryan.b@mail.com,021-654564
Mandy Collins,Burtec,mandy.c@mail.com,116545464
Peter Gibbons,Burtec,peter.g@mail.com,536546545
Ryan Burton,Burtec,ryan.b@mail.com,021-654564
Mandy Collins,Burtec,mandy.c@mail.com,116545464
Peter Gibbons,Burtec,peter.g@mail.com,536546545
Ryan Burton,Burtec,ryan.b@mail.com,021-654564
Mandy Collins,Burtec,mandy.c@mail.com,116545464
Peter Gibbons,Burtec,peter.g@mail.com,536546545
Ryan Burton,Burtec,ryan.b@mail.com,021-654564
Mandy Collins,Burtec,mandy.c@mail.com,116545464
Peter Gibbons,Burtec,peter.g@mail.com,536546545
Ryan Burton,Burtec,ryan.b@mail.com,021-654564
Mandy Collins,Burtec,mandy.c@mail.com,116545464
Peter Gibbons,Burtec,peter.g@mail.com,536546545
Ryan Burton,Burtec,ryan.b@mail.com,021-654564
Mandy Collins,Burtec,mandy.c@mail.com,116545464
Peter Gibbons,Burtec,peter.g@mail.com,536546545
Ryan Burton,Burtec,ryan.b@mail.com,021-654564
Mandy Collins,Burtec,mandy.c@mail.com,116545464
Peter Gibbons,Burtec,peter.g@mail.com,536546545
Ryan Burton,Burtec,ryan.b@mail.com,021-654564
Mandy Collins,Burtec,mandy.c@mail.com,116545464
Peter Gibbons,Burtec,peter.g@mail.com,536546545
Ryan Burton,Burtec,ryan.b@mail.com,021-654564
Mandy Collins,Burtec,mandy.c@mail.com,116545464
Peter Gibbons,Burtec,peter.g@mail.com,536546545
Ryan Burton,Burtec,ryan.b@mail.com,021-654564
Mandy Collins,Burtec,mandy.c@mail.com,116545464
Peter Gibbons,Burtec,peter.g@mail.com,536546545
Ryan Burton,Burtec,ryan.b@mail.com,021-654564
Mandy Collins,Burtec,mandy.c@mail.com,116545464
Peter Gibbons,Burtec,peter.g@mail.com,536546545
Ryan Burton,Burtec,ryan.b@mail.com,021-654564
Mandy Collins,Burtec,mandy.c@mail.com,116545464
Peter Gibbons,Burtec,peter.g@mail.com,536546545
Ryan Burton,Burtec,ryan.b@mail.com,021-654564
Mandy Collins,Burtec,mandy.c@mail.com,116545464
Peter Gibbons,Burtec,peter.g@mail.com,536546545
Ryan Burton,Burtec,ryan.b@mail.com,021-654564
Mandy Collins,Burtec,mandy.c@mail.com,116545464
Peter Gibbons,Burtec,peter.g@mail.com,536546545
